Sex,51MD,51BL,52MD,52BL,53MD,53BL,54MD,54BL,55MD,55BL,61MD,61BL,62MD,62BL,63MD,63BL,64MD,64BL,65MD,65BL,71MD,71BL,72MD,72BL,73MD,73BL,74MD,74BL,75MD,75BL,81MD,81BL,82MD,82BL,83MD,83BL,84MD,84BL,85MD,85BL
1,7.09,5.45,5.76,4.44,6.84,5.97,6.95,7.9,11.2,10.1,7.05,6.17,5.97,4.5,6.67,5.52,7.16,8,10.8,10.1,4.5,4.59,4.75,4.66,6.22,5.48,7.79,7.68,10.4,9.62,4.51,4.05,4.89,3.81,6.14,5.18,7.99,7.66,10.5,9.17
1,7.21,6.13,4.46,5.21,7.15,6.02,7.44,8.92,9.24,10.12,6.94,6.09,5.69,5.41,7.08,6.31,6.94,9.21,8.71,10.4,2.84,4.29,4.05,4.28,5.79,5.73,7.5,7.82,10.29,9.22,3.95,4.74,4.75,4.71,5.82,5.84,7.12,7.15,9.89,9.39
1,7.06,5.78,6.08,5.66,6.63,5.98,7.21,8.92,9.65,9.68,6.5,5.64,5.97,4.98,6.3,4.75,7.57,9.29,9.27,9.41,4.29,4.92,5.02,4.53,6.29,5.88,8.77,7.4,11.87,9.88,4.26,4.79,4.96,5.51,6.67,5.88,9.11,7.16,11.43,9.22
1,6.19,4.85,5.17,4.93,6.88,6.02,6.93,8.63,10.08,10.21,5.68,4.74,5.6,4.55,6.87,5.93,7.11,8.93,9.2,10.01,3.81,3.77,4.76,4.55,6.31,5.23,7.81,7.53,11,8.75,3.84,4.03,4.99,4.46,5.72,5.78,8.15,7.36,10.09,9.84
1,5.71,4.67,4.94,4.21,6.48,5.3,6.07,7.56,9.14,9.22,5.57,4.32,4.83,3.91,6.25,5,5.92,8.31,8.62,9.37,4.24,3.87,4.91,3.86,5.99,5.65,8.47,7.77,9.93,9.32,3.81,3.84,4.83,4.14,5.37,5.24,8.37,7.29,9.73,9.63
1,6.08,5.92,5.64,5.37,6.54,5.95,6.67,8.11,9.63,9.35,6.13,5.81,5.52,5.49,6.48,5.85,6.69,8.39,8.89,9.41,4.06,3.7,4.18,3.82,4.98,5.72,8.22,7.29,10,9.32,3.74,3.86,4.49,4.51,5.28,5.52,8.17,6.53,10.3,9.17
1,6.07,4.63,4.91,5.45,6.45,7.65,8.09,9.16,11.1,9.62,5.39,4.52,5.27,4.87,5.88,5.71,6.31,7.42,7.88,8.93,4.02,4.01,4.7,4.84,5.62,4.6,8.05,7.07,10.5,9.15,3.85,4.37,3.91,4.25,5.92,4.82,7.84,6.99,11.1,9.19
1,6.39,4.86,5.24,5.18,6.12,5.86,7.37,8.79,9.29,9.98,6.16,5.07,5.99,4.73,6.53,5.79,7.09,8.8,8.81,9.82,3.8,3.85,4.22,4.06,5.49,5.43,7.35,7.01,10.05,8.32,3.85,3.65,4.01,3.87,5.31,4.71,7.72,7.19,10.07,9.97
1,7.21,5.81,6.06,4.33,7.14,6.51,7.94,8.29,8.82,10.2,6.58,5.83,6.08,4.25,6.97,6.25,8.7,8.44,10.4,10.5,4.09,3.99,2.47,4.05,5.82,5.38,7.19,7.29,9.56,8.54,4.06,3.78,4.76,4.08,6.01,5.59,7.86,7.65,10.06,9.36
1,7.58,6.34,5.81,6.31,7.06,7.13,6.81,8.31,11.12,8.75,7.25,5.76,5.58,4.74,6.67,5.87,6.75,8.64,9.82,9.38,4.11,4.16,4.63,3.94,5.92,5.49,9.02,7.44,9.81,8.65,4.08,3.85,4.88,4.08,5.38,5.56,8.26,7.5,9.94,9.07
1,6.4,4.72,5.67,4.15,5.9,5.59,6.94,8.68,11.06,9.43,6.56,3.89,5.16,4.27,6.2,6.09,7.31,9.04,8.87,9.45,3.98,3.97,5.12,4.52,5.53,5.83,8.35,6.87,10.25,8.67,4.35,3.77,4.87,4.47,4.68,5.34,7.45,7.42,10.34,8.59
1,5.88,5.03,5.2,4.31,5.81,5.33,6.88,8.19,9.31,9.37,5.99,4.69,4.76,4.71,5.84,5.48,7.06,8.97,8.81,10.33,3.51,3.24,3.99,4.68,6.76,5.46,7.95,8.22,9.97,9.63,3.57,4.33,3.82,5.84,4.94,4.97,8.2,7.03,9.99,9.12
1,6.11,4.28,4.65,3.86,4.61,4.5,6.61,7.77,8.31,8.62,5.99,4.51,4.76,3.88,4.89,4.82,5.08,7.52,8.03,8.41,3.92,4.32,4,3.49,5.18,4.53,7.16,6.86,9.33,8.35,3.7,3.28,4.23,3.25,5.23,4.43,7.05,6.28,9.1,8.52
1,6.19,4.82,5.37,4.68,6.06,6.08,6.82,8.57,11.81,9.02,6.2,4.95,5.21,4.44,6.16,6.08,6.46,8.83,10.16,10.41,3.92,3.69,4.61,4.19,5.54,5.81,7.66,7.7,9.84,8.83,3.73,3.39,4.64,4.31,5.53,6.07,7.46,7.37,9.75,9.02
1,5.95,5.66,5.18,5.53,5.69,7.31,6.37,8.25,9.32,9.35,6.25,6.05,5.94,5.05,6.08,6.04,6.77,8.33,8.52,9.52,4.61,4.01,4.68,4.54,5.79,4.79,8.73,7.3,10.7,9.52,4.4,3.99,4.96,4.41,5.3,5.42,8.99,7.98,10.6,9.88
1,6.65,4.4,5.16,4.45,5.78,5.24,6.18,7.98,8.35,9.12,6.54,4.32,5.49,4.08,5.63,5.13,6.21,7.62,7.61,8.61,4.03,3.95,5.06,3.98,6.31,5.4,7.81,7.27,9.74,9.08,4.25,3.94,4.82,4.31,6.31,5.71,7.95,6.89,9.95,8.84
1,5.85,5.69,5.6,5.49,6.04,6.81,6.4,8.06,9.31,9.49,5.88,5.68,5.22,4.93,6.43,6.39,6.76,8.53,8.64,9.3,3.8,3.39,4.02,4.12,5.78,4.68,7.01,6.28,9.4,8.76,3.39,3.42,4.48,4.55,6.27,5.45,7.29,7.55,9.5,9.05
1,6.48,4.85,5.15,4.38,6.36,5.94,6.87,8.47,9.86,10.2,6.51,5.38,5.72,4.63,6.52,5.65,6.82,8.56,8.4,9.51,4.41,4.6,4.52,4.96,5.66,5.64,8.65,6.72,10.57,8.48,4.18,4.94,4.36,5.09,5.71,5.87,8.18,7.61,10.81,9.76
1,6.23,4.91,5.29,4.38,6.48,5.55,7.05,8.44,10.2,9.03,6.49,4.87,5.39,4.64,6.83,5.7,7.08,8.18,9.48,9.61,4.19,4.52,4.39,5.04,5.78,5.74,7.98,7.02,9.68,9.13,4.34,4.61,4.54,4.83,5.51,5.19,8.01,6.9,10.2,9.08
1,7.14,5.76,5.99,4.72,6.64,6.12,7.49,8.96,10.1,9.86,6.42,5.49,6.04,4.89,6.09,5.97,7.7,8.87,9.02,10.1,4.2,4.34,4.47,4.37,6.82,5.54,7.39,6.89,8.82,9.45,4.6,4.37,4.86,4.81,5.85,5.25,7.57,7.36,10.2,9.26
1,6.45,4.88,4.36,4.21,6.51,6.99,6.48,8.31,9.8,9.51,6.34,4.62,4.66,4.83,6.33,6.06,6.18,8.12,8.4,9.47,3.53,3.37,3.97,3.81,5.66,5.25,7.34,7,9.79,9.64,3.61,3.38,4.45,3.47,5.04,5.12,7.28,6.94,10.5,9.21
1,7.24,5.12,6.38,4.32,7.43,6.18,7.42,8.76,8.66,10.2,7.13,5.13,6.39,4.41,6.88,6.21,8.43,9.47,9.94,11.2,3.68,3.68,3.76,4.11,5.51,5.1,6.91,6.84,9.37,8.61,3.22,3.79,4.15,4.56,5.6,5.64,6.56,7.55,9.98,9.37
1,6.18,4.79,4.89,5.07,6.25,5.82,6.71,8.77,8.98,9.95,6.29,4.94,4.95,4.85,6.27,5.87,6.94,9.14,8.64,10.27,3.68,3.88,4.76,3.91,5.65,5.15,6.86,7.29,9.58,8.83,4.43,3.58,4.52,4.04,5.12,5.17,7.07,7.36,10,9.03
1,6.38,5.48,5.16,5.12,6.02,5.51,6.72,8.2,8.72,9.02,6.26,5.44,5.09,5.2,6,5.9,6.84,8.72,8.27,10.39,3.65,3.75,4.42,4.26,5.45,5.32,7.93,7.57,9.48,9.2,3.85,3.96,4.59,4.44,5.4,5.42,8.08,7.39,10.01,9.01
1,6.46,5,5.08,4.39,5.95,5.09,6.76,7.6,8.52,9.06,6.41,4.92,5.17,4.68,6.26,5.41,6.89,7.88,7.67,8.94,3.75,3.71,4.26,3.98,5.19,4.58,7.53,7.02,9.51,8.1,3.89,3.66,4.37,4.03,5.23,4.52,7.5,6.78,9.07,8.18
1,5.72,4.57,5.22,4.34,6.18,6.05,7.12,8.76,9.24,9.3,5.79,4.57,4.84,4.54,5.84,5.91,7.2,8.73,9.64,9.75,3.21,3.27,3.91,3.82,5.06,5.05,7.35,6.49,9.83,8.15,3.19,3.41,3.88,3.72,5.64,5.04,7.5,6.33,9.64,8.14
1,7,4.78,5.25,4.72,6.24,5.57,7.18,7.6,9.13,8.89,6.64,5.05,5.35,4.71,6.23,5.47,7.41,8.21,8.78,9.42,4.02,3.94,4.32,3.73,5.42,4.96,7.76,7.05,9.43,8.81,4.27,3.42,4.3,3.95,5.72,4.85,7.57,7.11,9.26,8.6
1,6.35,5.96,4.85,4.73,5.87,5.82,6.85,8.78,8.41,9.4,6.12,5.87,5.05,4.54,6.08,6.01,6.65,8.58,8.35,9.02,3.57,3.2,3.95,3.62,5.56,4.37,6.81,7.62,8.7,8.28,3.15,3.21,4.33,3.52,4.97,4.33,7.55,6.75,10.08,8.51
1,6.89,4.88,5.66,4.79,6.53,6.22,6.84,8.52,9.4,9.32,6.79,5.09,5.84,4.84,6.56,5.74,7.2,8.57,9.2,9.52,4.46,3.65,4.83,3.92,5.6,4.61,8.23,6.94,10.09,8.72,4.16,3.63,5.17,4.05,5.28,5.37,7.63,6.54,9.55,8.81
1,6.32,5.06,4.93,4.92,6.38,6.01,7.12,8.63,8.73,9.4,6.6,5.29,5.64,5.46,6.78,6.2,7.82,8.46,8.92,9.55,4.03,3.62,4.28,4.45,5.56,5.95,7.28,6.73,9.75,8.77,4.05,3.62,4.24,3.35,5.02,4.62,7.8,6.46,9.16,8.82
1,6.51,5.96,5.06,4.78,6.75,6.34,6.59,9.3,9.67,9.31,6.4,5.4,5.43,4.93,6.56,6.03,6.45,8.89,9.08,9.21,4.62,4.05,4.88,4.18,5.36,5.22,7.59,6.66,9.82,8.63,3.98,4.46,4.44,4.5,5.57,4.92,7.36,6.95,9.38,8.81
1,6.32,5.13,5.11,4.89,6.48,6.11,7.2,8.13,8.93,8.74,6.88,5.06,5.72,4.95,6.55,6.02,7.27,8.19,8.9,9.17,3.91,3.86,4.47,3.89,5.3,5.21,7.28,7.74,9.31,9.01,3.88,3.82,3.89,4.1,5.81,5.28,7.25,7.66,9.14,8.78
1,6.48,4.92,5.22,4.61,6.83,5.92,7.13,8.54,9.13,9.73,6.56,5.38,5.24,5.08,7.1,6.29,7.21,8.71,9.16,10.2,3.92,4.29,4.63,4.4,5.51,5.03,7.38,7.45,10.4,9.26,3.88,4.08,4.89,4,5.47,4.65,7.68,6.98,10.3,8.96
1,6.2,5.59,5.2,4.82,5.98,5.17,6.9,8.16,9.37,8.79,6.54,5.32,5.48,4.51,5.59,5.23,7.31,8.5,8.54,9.26,4.46,4.17,4.9,4.46,5.2,4.94,7.66,7.1,10.2,8.57,3.95,4.13,5.08,4.46,5.32,5.12,7.85,7.51,10.4,8.86
1,7.12,4.94,5.81,5.03,6.01,5.93,8.01,8.99,9.11,9.68,7,5.42,5.95,5.34,5.9,5.39,8.12,9.25,9.14,9.6,4.28,4.03,5.46,4.34,5.69,5.07,8.81,7.93,10.86,9.5,4.29,4.23,4.67,4.62,5.09,5.46,9.14,7.89,10.38,9.99
1,6.05,5.04,5.09,4.23,6.58,5.6,6.83,7.08,8.02,8.69,6.15,4.9,5.06,5.17,6.42,5.9,7.13,7.92,8.16,9.19,3.95,3.61,4.4,4.41,5.37,5.57,7.27,6.38,9.27,8.75,3.56,3.64,4.31,3.64,5.73,5.24,6.95,6.67,9.84,8.76
1,6.81,5.62,5.47,6.2,5.78,5.85,8.1,8.85,9.58,9.77,6.82,5.94,5.92,5.35,5.87,5.87,8.23,9.02,9.04,10,4.41,4.31,4.97,4.32,5.23,4.96,8.83,7.51,10.1,9.4,3.81,4.04,4.45,4.51,4.99,5.6,9.27,7.88,10.5,9.84
1,6.25,5.34,4.78,4.64,6.19,6.36,7.94,8.48,9.97,9.75,6.21,4.8,4.89,4.53,6.01,6.41,7.84,7.84,9.09,8.94,3.87,3.62,4.49,4.01,5.06,5.25,7.39,7.13,9.78,8.66,3.67,3.76,4.53,4.33,5.18,4.56,7.83,6.92,8.05,8.98
1,6.76,4.86,5.4,4.59,6.45,4.99,7.13,8.33,8.52,9.77,6.38,4.61,5.55,4.82,6.78,5.39,7.31,8.35,8.29,9.57,3.51,3.17,4.27,3.33,5.7,4.42,7.76,6.61,9.76,9.12,3.91,3.51,4.49,3.37,5.67,5.21,7.51,7.36,9.54,9.51
1,5.61,4.58,5.1,4.77,6.32,5.91,6.81,8.66,9.26,9.96,5.34,4.38,5.45,4.6,6.23,5.85,6.81,8.68,9.09,9.53,4.01,3.99,4.55,4.44,5.47,5.33,7.62,7.62,9.94,9.61,3.99,4.45,4.93,4.57,4.83,5.71,7.56,7.78,9.67,9.66
1,5.84,6.62,5.29,6.89,5.79,7.39,6.51,9.06,9.06,9.43,6.37,7.2,5.2,6.91,6.64,6.98,6.55,9.8,8.01,9.93,3.74,4.09,4.51,4.58,6.03,6.03,7.47,7.51,10.8,8.93,3.85,4.2,4.56,4.73,5.59,5.19,8.18,7.89,10.5,9.58
1,6.4,4.99,5.26,4.15,6.47,5.44,6.98,7.65,8.39,9.31,6.55,4.5,4.99,4.02,6.13,5.42,7.05,7.75,8.26,9.38,4.29,3.44,4.66,4.04,5.22,4.5,7.23,6.39,9.98,8.04,4.27,3.93,4.9,3.65,5.11,4.95,7.08,6.56,10.2,8.8
1,6.61,5.45,5.43,4.35,6.51,6.05,7.35,8.72,9.29,9.36,7.04,5.22,5.13,4.44,6.58,6.01,7.48,8.41,8.77,9.32,4.18,4.38,4.83,4.11,6.17,5.4,8.83,7.96,11.42,9.08,4.17,4.28,4.95,4.33,6.29,5.22,8.13,7.94,10.92,9.05
1,7.12,4.54,5.46,4.23,6.94,5.51,7.48,8.58,10.5,10.3,6.64,4.68,5.48,5.05,6.19,6.42,6.52,8.82,8.71,9.59,4.17,4.35,4.79,4.64,5.46,4.76,7.18,8.06,10.1,9.15,4.52,4.4,4.51,4.25,6.63,5.9,7.36,8.44,10.4,9.43
1,7.04,5.15,5.5,4.58,5.72,5.71,7.09,8.1,9.93,9.77,6.82,4.49,5.35,4.57,5.92,5.53,7.19,8.75,8.54,10.1,4.1,3.63,4.72,4.52,5.41,5.49,7.79,8.68,9.84,9.29,4.03,3.32,4.82,3.61,5.6,5.68,7.98,7.78,10.2,9.22
1,5.37,4.59,4.67,4.61,6.45,6.01,6.87,8.41,9.06,9.99,5.34,5.08,4.73,4.63,5.88,6.28,6.83,8.11,8.59,9.82,3.99,4.25,4.11,4.36,5.8,5.47,7.23,7.06,10.3,9.35,3.78,4.24,4.53,4.16,5.71,5.79,7.16,7.39,9.19,9.26
1,7.05,5.71,5.21,4.98,7.41,6.87,8.03,9.34,9.75,10.55,6.35,5.72,5.62,5.08,7.58,7.03,7.62,9.65,9.48,10.71,3.92,3.88,4.74,4.61,6.43,5.83,8.29,8.25,10.32,9.42,4.07,4.39,4.94,5.28,5.6,5.83,8.03,8.47,9.79,9.8
1,6.12,6.14,4.94,4.86,6.34,5.92,6.78,8.05,9.39,9.67,6.09,5.99,4.94,5.95,6.09,5.85,6.6,8.33,9.35,10.1,4.52,4.07,4.36,4.69,5.94,5.79,8.67,7.56,10,10.4,3.93,4.21,4.85,4.44,5.94,5.75,8.83,7.6,10.5,9.46
1,6.08,5.34,4.96,5.18,6.61,5.89,7.4,8.66,9.83,9.63,6.46,5.17,5.08,4.98,6.49,5.98,6.73,8.87,8.48,9.62,3.76,3.96,4.33,4.24,5.4,5.04,7.62,7.54,10.1,9.09,3.77,3.84,4.41,4.17,5.6,5.62,7.57,8,10.4,9.7
1,6.64,5.55,5.18,5.16,6.68,6.35,7.05,9.05,10.1,10.25,6.81,5.83,4.84,4.73,7,6.77,7.21,9.87,9.49,10.21,4.36,3.99,5.17,4.02,5.96,5.8,8.39,6.98,11,9.26,4.49,3.63,5.61,4.22,5.88,4.61,8.21,7.36,10.8,9.15
0,6.46,4.97,4.73,3.45,5.84,5.81,7.08,8.12,9.17,9.81,6.72,4.68,5.19,4.51,5.75,5.31,7.24,8.14,8.91,9.37,4.13,3.88,4.13,4.21,5.09,5.69,8.31,7.11,10,8.73,4.33,3.92,4.72,4.25,5.89,5.67,8.18,6.87,10.3,9.23
0,6.21,4.72,4.85,4.42,6.61,5.73,6.59,8.09,9.39,8.73,6.32,4.95,4.85,4.62,6.31,5.51,6.41,8.04,8.69,9.19,3.69,3.24,4.19,3.79,5.72,5.19,8.41,6.56,9.74,8.45,3.56,3.34,4.22,3.91,5.51,5.12,8.24,6.65,9.67,8.36
0,6.69,4.55,5.07,4.42,5.73,5.24,6.19,7.61,8.27,8.74,6.42,4.71,5.19,4.11,5.59,4.67,5.93,7.85,7.79,9.83,3.88,4.7,5.16,4.19,6.41,5.56,7.44,7.14,9.65,8.93,4.21,3.98,4.51,4.35,6.09,5.6,7.86,7.08,9.95,8.96
0,5.59,4.58,5.58,4.69,6.91,5.62,6.38,8.29,8.89,9.29,5.45,4.51,4.52,3.92,6.79,6.6,6.49,8.19,9.04,9.31,3.43,3.79,4.31,3.84,5.39,5.03,6.58,6.96,9.72,8.45,3.46,4.37,4.51,4.41,5.36,5.35,5.95,7.28,9.44,8.58
0,6.07,5.51,5.32,5.41,6.61,6.49,6.98,7.99,8.57,10.19,5.99,5.62,6.29,4.76,6.53,5.89,6.89,8.41,8.38,9.82,3.88,3.78,4.91,4.64,5.79,5.43,7.41,6.93,9.47,8.75,4.08,3.91,4.88,4.29,5.39,5.38,7.78,6.94,9.28,9.09
0,6.97,5.29,5.49,5.41,6.83,6.27,6.89,9.08,11.11,10.59,6.85,5.06,5.69,4.96,6.94,6.37,7.16,9.19,9.75,10.23,3.98,3.91,4.29,4.51,5.16,5.55,7.73,7.73,10.24,9.62,4.06,3.96,3.96,4.66,5.18,5.79,7.76,7.67,10.49,9.69
0,9.38,10.3,7.07,8.41,6.78,6.19,5.92,4.85,6.44,6.29,6.32,5.83,5.66,5,7.13,6.49,7.22,9.47,10.1,9.65,4.43,3.94,4.82,3.73,5.88,5.19,7.37,7.22,10.1,9.27,3.95,4.42,4.96,3.96,5.84,5.41,7.22,6.52,10,9.07
0,6.26,5,5.38,4.57,6.27,5.96,7.61,7.95,9.14,9.57,6.17,5.06,5.21,4.78,6.75,4.98,7.31,7.74,8.75,9.24,4.02,4.23,4.65,4.15,5.54,5.79,7.47,7.14,10.36,8.87,4.41,4.38,4.76,4.89,5.99,6.12,7.06,7.11,9.47,9.23
0,6.71,5.21,5.12,4.55,6.74,6.11,7.07,8.51,9.25,10.92,6.76,5.03,5.44,4.08,6.54,5.89,6.65,8.65,8.91,9.83,4.29,4.25,4.79,4.18,5.54,5.74,7.73,7.71,9.49,9.29,3.67,4.43,3.98,4.54,5.56,5.37,7.59,7.68,8.72,9.34
0,6.94,5.27,5.49,5.24,6.41,6.07,7.08,8.85,9.31,10.07,6.74,5.32,5.42,4.71,6.53,5.81,7.36,9.32,9.68,10.63,3.83,3.25,4.35,3.51,5.17,4.31,7.62,7.62,9.47,8.55,4.61,3.11,4.08,3.64,5.29,4.85,7.71,6.53,10.11,8.61
0,5.61,5.39,4.98,4.64,6.18,5.48,6.27,8.61,8.39,9.09,5.81,5.83,5.01,5.73,6.44,6.19,6.51,8.11,8.24,9.25,4.25,4.09,4.89,4.81,6.17,5.91,7.49,7.33,10.25,8.67,3.95,4.26,5.49,5.11,5.85,5.71,7.55,7.65,10.45,9.31
0,7.34,5.45,5.42,5.05,5.81,5.96,6.54,8.65,8.69,9.57,6.77,5.46,5.61,5.11,6.16,6.58,7.14,9.23,9.17,10.1,4.52,3.92,4.71,3.91,5.54,4.56,7.45,6.72,9.91,7.99,4.08,3.15,4.37,3.84,5.21,4.84,7.31,6.67,9.37,8.48
0,5.81,5.01,4.42,4.53,6.2,5.97,6.55,4.87,8.96,9.48,5.85,5.08,5.29,4.33,5.73,5.64,6.28,8.77,8.22,10.19,3.45,4.1,4.58,4.65,5.31,5.48,7.26,7.28,9.18,8.89,3.71,4.07,4,4.42,5.16,5.28,7.19,6.81,9.49,9.05
0,6.08,4.52,5,4.17,6,4.73,7.59,7.98,8.41,9.95,6.58,5.51,5.37,4.36,6.19,5.31,7.36,8.27,8.54,9.61,4.11,3.48,3.55,3.71,5.41,5,7.74,7.11,10.61,8.69,4.44,3.37,4.17,3.95,5.81,5.7,7.44,7.28,10.21,9.08
0,5.75,4.84,4.61,4.15,5.71,5.59,6.46,8.22,9.03,9.42,5.74,5.02,5.11,4.47,5.62,6.23,6.63,8.25,8.45,9.63,3.75,3.53,4.16,3.41,5.65,4.86,7.89,6.63,10.41,8.93,4.37,4.31,4.76,4.37,5.51,4.81,7.74,7.17,10.79,9.08
0,5.62,4.73,4.68,4.6,6.29,6.79,6.75,8.04,7.72,9.21,5.56,4.96,4.91,4.78,6.09,6.51,6.69,8.87,7.94,9.86,3.98,4.97,4.74,4.93,4.88,5.22,6.81,6.79,9.69,8.47,3.99,5.61,4.46,5.02,6.01,6.16,7.12,7.01,9.01,7.95
0,5.83,4.89,4.51,4.27,5.99,6.34,6.49,8.27,8.91,9.51,5.81,5.29,5.24,4.34,6.11,6.11,6.43,8.57,8.61,9.71,4.18,3.81,4.52,3.97,5.56,5.41,7.36,7.57,9.79,8.98,4.12,4.22,4.62,4.91,5.67,5.88,7.03,7.24,8.82,8.11
0,5.84,4.78,4.87,4.28,6.6,5.56,6.37,7.58,8.75,9.36,5.79,4.73,4.91,4.86,6.08,5.14,6.62,8.19,9,8.77,3.99,4.35,4.22,4.16,5.38,5.61,7.92,6.92,9.56,8.97,4.05,4.15,4.68,4.39,5.35,5.15,7.69,6.96,10.01,8.52
0,5.73,4.75,5.43,4.39,6.21,5.44,7.3,8.31,9.02,9.68,5.19,5.15,5.17,4.17,6.7,5.56,7.09,8.26,8.94,9.75,3.93,4.01,4.72,4.09,5.38,5.22,7.94,6.98,9.61,9.35,3.91,4,4.56,4.37,5.54,5.23,7.55,7.94,9.75,9.41
0,6.32,5.54,5.26,4.95,5.81,6.11,7.32,9.04,8.74,9.91,6.28,5.44,4.97,4.65,6.25,6.26,6.93,9.15,8.65,9.95,4.59,4.66,4.75,4.65,5.49,5.35,7.51,7.97,10.1,9.51,4.12,4.61,4.65,5.02,5.11,5.57,7.53,8.04,10.1,9.25
0,6.14,4.51,5.63,4.38,5.67,5.43,7.12,8.02,10.5,8.51,6.86,4.91,5.79,4.76,6.41,5.49,7.54,8.82,9.01,9.01,3.82,3.18,4.87,3.71,5.56,4.83,6.87,7.02,9.95,8.26,3.88,3.32,4.49,4.09,5.49,5.01,7.1,6.51,10.2,8.43
0,6.55,6.15,5.89,5.41,6.94,6.19,7.03,8.11,9.31,10.1,6.72,5.62,5.63,4.81,6.94,6.61,7,9.08,10,9.98,4.21,3.85,4.78,4.51,6.24,5.37,8.49,8.13,10.9,9.23,4.65,3.81,4.28,4.89,5.69,5.88,8.42,8.61,11.3,9.52
0,6.33,4.52,5.78,3.74,6.11,5.34,6.91,7.67,9.14,9.37,6.34,4.29,5.43,4.04,6.21,5.35,6.86,8.57,9.16,9.66,3.76,3.55,4.21,3.65,5.57,5.77,6.96,7.61,9.63,8.46,3.47,3.86,4.29,4.38,5.38,5.46,6.61,7.38,9.92,9.24
0,6.03,5.56,5.03,5.04,6.02,6.29,7.52,8.64,10.25,10.36,6.13,5.16,5.39,5.15,6.05,6.41,7.01,9.07,9.24,10.56,4.3,3.93,4.31,4.48,5.13,5.95,7.76,7.36,10.15,9.64,4.04,4.01,4.21,4.71,5.51,6.04,7.35,8.02,10.97,9.64
0,6.34,4.51,5.09,4.46,6.57,5.82,6.69,8.23,9.81,9.28,6.08,4.72,5.06,4.36,6.38,5.75,6.61,9.51,9.87,9.93,4.03,3.41,4.51,3.92,4.89,4.72,6.88,6.76,9.31,8.25,3.99,3.47,4.34,3.85,5.13,5.26,7.06,7.72,9.63,8.86
0,7.02,5.38,6.22,5.54,6.27,6.52,6.57,9.01,8.86,10.23,6.24,5.09,5.91,4.64,6.94,6.04,7.37,8.72,8.51,9.98,4.38,4.37,4.59,4.71,6.18,5.82,6.81,7.37,10.27,8.99,4.18,4.51,3.96,5.48,6.16,5.75,7.54,7.27,10.28,9.25
0,6.61,5.52,5.74,4.94,5.97,5.75,7.37,8.45,9.29,9.55,6.91,5.47,5.56,4.29,6.45,5.56,7.37,8.49,9.74,9.64,4.14,3.69,4.72,4.51,5.51,5.73,7.71,7.89,9.99,8.93,3.89,3.81,4.69,4.52,5.34,6.14,7.64,7.52,9.65,8.79
0,6.34,5.26,4.98,4.79,5.64,5.86,7.13,8.64,9.86,10.34,6.04,5.03,5.47,4.81,5.93,5.97,6.95,8.69,9.26,10.54,3.72,3.43,4.22,4.35,5.69,5.69,8.11,7.07,10.41,9.37,3.53,3.93,4.64,4.34,5.32,5.91,8.33,7.25,10.94,9.34
0,6.03,5.19,4.76,4.92,5.99,6.26,6.91,7.91,8.21,8.91,6.18,5.08,4.63,4.98,5.84,5.89,6.65,8.44,8.29,8.92,3.81,3.43,3.8,3.47,5.61,4.92,6.91,7.31,10.21,8.14,3.98,3.44,4.45,4.08,5.52,5.49,7.02,6.43,10.23,8.23
0,6.22,5.23,5.23,4.93,6.63,6.32,7.32,9.08,9.26,9.94,6.89,4.91,5.27,4.61,6.61,6.26,7.41,9.17,8.5,9.72,4.52,4.95,5.31,5.01,6.16,5.36,8.29,7.58,10.05,10.21,4.39,4.46,5.11,5.38,5.91,5.86,8.31,7.33,10.12,9.15
0,6.64,4.84,5.64,4.28,6.81,5.12,7.94,9.16,9.13,9.71,6.17,4.97,5.54,4.32,5.73,5.71,7.42,9.01,10.25,9.32,4.25,4.12,4.86,4.42,6.06,6.04,8.45,7.53,10.57,9.39,3.87,3.98,4.65,4.35,5.75,5.71,8.75,7.32,11.25,9.48
0,6.55,5.82,5.18,5.19,6.46,6.31,6.92,9.36,8.87,10.25,6.51,5.54,5.31,5.03,6.11,6.68,7.03,9.34,8.51,9.91,3.78,3.82,4.27,4.47,5.62,5.67,7.53,7.07,9.61,8.78,3.96,3.98,4.73,4.55,5.29,5.53,7.58,7.69,9.83,8.88
0,6,5.32,4.52,5.26,6.17,6.45,6.35,9.04,9.24,9.47,6.29,5.79,5.85,4.93,7.37,5.61,7.01,8.66,9.92,9.31,4,4.11,4.76,4.98,5.27,5.74,7.62,7.68,9.78,9.27,3.65,4.65,4.47,4.85,5.81,5.13,7.94,7.33,9.81,9.11
0,5.74,5.11,4.87,4.88,6.09,6.01,6.76,7.65,8,9.85,6.16,5.27,5.12,5.02,6.34,6.29,6.81,8.02,7.93,9.45,4.46,4.95,5.96,4.69,6.03,6.07,8.02,8.14,10.17,9.98,4.23,4.79,4.93,4.87,5.61,5.88,8.24,8.07,10.16,9.92
0,6.34,5.12,5.18,4.16,6.56,5.71,7.28,8.1,8.36,8.79,6.29,4.89,4.94,4.48,6.66,5.89,6.66,8.42,8.27,8.74,3.71,3.71,4.83,4.57,5.83,6.09,7.86,7.88,9.63,8.73,3.74,3.79,4.43,4.44,5.86,5.63,7.78,7.81,8.89,8.71
0,6.12,4.71,4.85,4.28,6.16,6.15,6.78,8.53,9.68,9.95,6.21,4.95,4.93,4.79,5.33,5.84,6.84,8.72,9.57,10.12,4.04,3.97,4.43,4.91,5.38,5.51,7.51,7.39,9.84,8.78,3.93,4.11,4.51,4.56,5.36,5.87,7.08,8.25,9.96,9.57
0,6.05,5,5.15,4.47,6.17,5.51,7.03,8.14,9.42,9.82,5.93,5.01,5.67,4.46,6.32,5.55,7.09,7.81,9.02,9.53,3.91,3.71,4.69,3.89,5.75,6.56,7.68,7.95,10.16,8.86,4.11,4.78,4.31,5.07,5.68,6.34,7.55,7.52,10.63,9.51
0,6.25,4.7,5.56,4.64,5.66,5.06,7.71,8.08,10.43,9.08,6.61,4.87,5.37,4.47,5.88,5.36,7.05,8.4,8.41,8.85,3.77,3.69,4.73,4.24,5.61,4.76,7.31,7.03,10.02,9.2,3.23,4.01,3.91,4.35,5.45,4.86,7.22,6.92,8.88,8.32
0,6.63,5.77,5.65,5.02,6.23,6.39,7.09,8.01,9.37,9.99,6.56,5.73,5.95,5.66,6.28,5.86,7,8.62,9.06,9.83,3.21,3.47,3.98,3.8,5.05,5.17,6.97,6.69,9.33,8.33,3.19,3.72,3.7,4.15,5.09,5.29,6.74,7.07,9.34,8.4
0,5.98,5.12,5.14,4.82,6.51,5.79,6.55,7.87,8.62,9.29,5.81,4.93,5.23,4.39,6.2,5.67,6.43,8.74,8.18,9.31,4.17,4.18,4.1,4.63,5.25,5.85,7.82,7.04,10.64,9.27,3.87,4.03,4.39,4.59,5.49,5.9,8.4,7.52,10.37,9.69
0,6.92,5.81,5.31,4.94,6.3,6.06,6.58,8.33,8.72,9.02,6.85,5.5,5.73,4.31,6.87,5.96,6.73,7.93,8.69,9.41,3.95,3.52,4.28,4.38,5.16,5.31,7.66,6.99,9.96,9.22,4.16,3.99,4.24,4.31,5.34,5.56,7.61,7.41,10.61,9.43
0,5.96,5.07,5.34,4.79,6.08,6.04,6.88,8.35,8.08,9.36,6.18,4.95,5.77,4.61,6.26,6.67,7.15,8.73,8.11,9.93,4.17,3.83,4.42,3.87,5.62,4.81,6.67,6.48,10.09,8.18,4.26,3.47,4.64,4.12,5.46,5.31,6.94,6.58,9.58,8.62
0,6.43,5.24,5.36,4.47,6.1,6.04,7.58,8.06,8.86,9.46,6.15,4.92,5.16,5.52,6.33,6.06,7.15,7.49,8.36,9.13,4.16,4.42,5.33,4.62,5.7,5.36,7.91,6.78,9.93,8.52,3.86,4.44,5,4.68,5.63,5.78,7.88,7.35,9.97,8.64
0,6.59,5.84,5.3,6.27,6.39,6.89,6.82,8.24,8.59,8.73,6.1,6.39,5.63,5.41,6.25,6.03,6.72,8.36,8.28,9.12,3.75,3.75,4.14,4.28,5.08,4.87,7.05,7.36,9.41,8.41,3.32,3.72,4.31,4.31,5.32,5.75,7.52,7.04,8.75,8.63
0,6.53,5.46,5.02,4.88,5.68,5.94,7.04,8.95,8.96,10.3,6.24,5.47,4.93,5.05,5.93,5.52,6.75,8.71,9.31,9.93,6.64,3.86,4.32,4.25,4.93,4.77,7.57,7.18,9.76,8.23,3.65,3.82,4.66,4.74,5.23,5.63,7.65,7.25,9.62,8.77
0,6.42,5.46,5.09,5.47,5.89,6.63,7.66,8.83,9.42,9.35,5.87,4.72,5.02,4.11,5.41,4.99,8.11,7.41,9.82,9.43,3.82,3.73,4.25,3.96,5.22,5.15,7.75,6.12,9.77,8.36,4.02,3.77,5.32,4.06,5.08,4.95,7.31,6.78,10.1,9.03
0,6.45,4.92,5.42,5.04,6.61,6.35,7.19,8.53,8.72,9.57,5.91,4.94,5.41,4.57,6.13,5.84,6.95,8.16,9.12,10,3.54,3.49,3.75,4.47,5.26,5.98,6.79,6.82,9.56,8.65,3.48,3.55,3.76,4.02,5.32,5.47,7.05,6.81,9.26,8.79
0,6.1,4.55,5.03,4.5,6.43,5.62,6.48,8.49,8.57,9.46,6.38,4.79,5.07,4.67,6.09,5.25,6.2,7.72,8.56,9.48,3.82,3.85,4.38,4.06,5.57,5.13,7.22,7.14,8.68,8.39,3.69,3.77,4.23,4.09,5.58,5.33,7.46,8.06,8.87,9.11
0,5.72,5.32,4.86,4.72,6.42,6.05,7.01,7.97,10.91,9.78,5.91,4.77,4.86,4.54,5.75,5.61,6.53,7.77,9.08,9.45,3.71,4.34,4.51,4.81,5.62,5.43,7.23,7.42,9.42,8.73,3.76,4.46,4.52,4.77,5.97,5.81,7.33,7.21,9.75,8.68
0,6.59,5.76,5.14,5.05,6.58,6.51,6.97,9.25,9.26,10.12,6.49,5.71,5.45,5.45,6.47,6.28,6.95,9.31,8.21,10.1,3.61,4.41,4.29,4.66,4.94,5.35,7.01,7.01,9.4,8.93,3.72,4.19,4.27,4.53,5.25,5.54,7.07,7.07,9.41,9.13
